n,k,side,prove_ms,verify_ms
32,1,side1,2.870,4.311
32,1,side2,12.404,7.720
32,2,side1,4.978,3.919
32,2,side2,13.841,7.841
32,4,side1,9.688,3.551
32,4,side2,17.734,8.394
32,8,side1,18.974,3.529
32,8,side2,21.701,8.068
32,16,side1,42.772,3.623
32,16,side2,37.444,8.532
32,32,side1,81.151,3.643
32,32,side2,64.190,8.386
32,64,side1,148.740,3.549
32,64,side2,110.043,8.418
32,128,side1,298.437,3.561
32,128,side2,218.052,8.065
64,1,side1,3.435,3.510
64,1,side2,16.794,8.329
64,2,side1,6.530,3.660
64,2,side2,17.400,7.986
64,4,side1,13.198,3.531
64,4,side2,21.254,8.041
64,8,side1,25.361,3.581
64,8,side2,25.860,8.452
64,16,side1,51.252,3.560
64,16,side2,37.940,8.375
64,32,side1,100.401,3.659
64,32,side2,64.991,8.242
64,64,side1,200.310,3.666
64,64,side2,116.300,8.849
64,128,side1,401.590,3.586
64,128,side2,221.975,9.589
128,1,side1,5.294,3.697
128,1,side2,25.282,7.902
128,2,side1,10.701,3.711
128,2,side2,26.872,8.015
128,4,side1,20.997,3.887
128,4,side2,29.561,8.169
128,8,side1,39.446,3.724
128,8,side2,34.761,7.998
128,16,side1,77.815,4.003
128,16,side2,47.505,8.091
128,32,side1,156.892,4.102
128,32,side2,72.599,8.662
128,64,side1,314.245,3.552
128,64,side2,125.773,8.538
128,128,side1,628.810,3.617
128,128,side2,237.085,10.862
256,1,side1,8.032,3.779
256,1,side2,49.259,8.169
256,2,side1,14.925,3.674
256,2,side2,49.113,7.834
256,4,side1,30.291,3.641
256,4,side2,51.870,8.322
256,8,side1,61.006,3.596
256,8,side2,60.006,8.552
256,16,side1,123.450,3.709
256,16,side2,72.334,8.601
256,32,side1,239.855,3.619
256,32,side2,95.716,8.835
256,64,side1,483.574,4.069
256,64,side2,154.739,8.698
256,128,side1,956.930,3.935
256,128,side2,269.290,9.117