n,k,v_stmt_prep_ms,v_fold_ms,v_discharge_ms,v_rokp_ms,v_lincheck_ms,v_amort_ms,v_total_ms,p_local_rokp_ms,p_local_lincheck_ms,ref_direct_eval_ms
1024,1,0.9239,0.0000,0.0000,4.1099,3.2025,5.0338,8.2363,59.7598,26.9307,0.3659
1024,2,0.9239,0.1087,8.1760,4.2508,3.2661,13.4594,16.7255,59.7598,26.9307,0.3659
1024,4,0.9239,0.1991,10.8472,4.1446,3.2020,16.1148,19.3168,59.7598,26.9307,0.3659
1024,8,0.9239,0.2928,13.0551,4.2101,3.2461,18.4819,21.7280,59.7598,26.9307,0.3659
1024,16,0.9239,0.3817,15.9062,4.2176,3.2382,21.4294,24.6676,59.7598,26.9307,0.3659
1024,32,0.9239,0.4732,18.9448,4.2226,3.2144,24.5645,27.7789,59.7598,26.9307,0.3659
1024,64,0.9239,0.5635,21.3292,4.1420,3.2275,26.9586,30.1861,59.7598,26.9307,0.3659
1024,128,0.9239,0.6566,24.8145,4.1594,3.2096,30.5544,33.7640,59.7598,26.9307,0.3659
4096,1,0.9187,0.0000,0.0000,4.1435,3.2165,5.0622,8.2787,159.2113,83.1063,1.1611
4096,2,0.9187,0.1083,7.4118,4.1838,3.2666,12.6226,15.8892,159.2113,83.1063,1.1611
4096,4,0.9187,0.1988,10.0581,4.1697,3.2267,15.3453,18.5720,159.2113,83.1063,1.1611
4096,8,0.9187,0.2903,12.9752,4.1304,3.2217,18.3146,21.5363,159.2113,83.1063,1.1611
4096,16,0.9187,0.3808,15.5146,4.1540,3.2292,20.9681,24.1973,159.2113,83.1063,1.1611
4096,32,0.9187,0.4718,18.8585,4.1847,3.2573,24.4337,27.6910,159.2113,83.1063,1.1611
4096,64,0.9187,0.5729,21.3516,4.1389,3.2396,26.9821,30.2217,159.2113,83.1063,1.1611
4096,128,0.9187,0.6534,24.6738,4.1525,3.2238,30.3984,33.6222,159.2113,83.1063,1.1611
16384,1,0.8862,0.0001,0.0000,4.3300,3.3355,5.2163,8.5518,507.3265,285.3563,4.6820
16384,2,0.8862,0.1111,7.3880,4.1517,3.3397,12.5370,15.8767,507.3265,285.3563,4.6820
16384,4,0.8862,0.2039,10.4475,4.2446,3.2172,15.7822,18.9994,507.3265,285.3563,4.6820
16384,8,0.8862,0.2943,13.4825,4.1446,3.2059,18.8076,22.0135,507.3265,285.3563,4.6820
16384,16,0.8862,0.3828,15.5815,4.1615,3.2572,21.0120,24.2692,507.3265,285.3563,4.6820
16384,32,0.8862,0.4787,18.8129,4.2782,3.2525,24.4560,27.7085,507.3265,285.3563,4.6820
16384,64,0.8862,0.5706,21.9132,4.1826,3.2323,27.5526,30.7849,507.3265,285.3563,4.6820
16384,128,0.8862,0.6519,24.0826,4.1674,3.1960,29.7881,32.9841,507.3265,285.3563,4.6820
65536,1,0.9746,0.0001,0.0000,4.1675,3.2351,5.1422,8.3773,1715.2570,1009.5483,17.4773
65536,2,0.9746,0.1077,7.4359,4.1912,3.2165,12.7094,15.9259,1715.2570,1009.5483,17.4773
65536,4,0.9746,0.2037,10.5607,4.2632,3.3350,16.0022,19.3372,1715.2570,1009.5483,17.4773
65536,8,0.9746,0.3008,13.2166,4.3106,3.2835,18.8026,22.0861,1715.2570,1009.5483,17.4773
65536,16,0.9746,0.3982,16.1110,4.2887,3.3319,21.7725,25.1044,1715.2570,1009.5483,17.4773
65536,32,0.9746,0.4748,18.4286,4.1316,3.2287,24.0096,27.2383,1715.2570,1009.5483,17.4773
65536,64,0.9746,0.5639,21.4773,4.1953,3.2247,27.2111,30.4358,1715.2570,1009.5483,17.4773
65536,128,0.9746,0.6494,23.8840,4.1169,3.1936,29.6249,32.8185,1715.2570,1009.5483,17.4773
262144,1,1.0405,0.0000,0.0000,4.1494,3.2537,5.1899,8.4436,6781.3990,4063.3943,64.8590
262144,2,1.0405,0.1081,7.3846,4.2279,3.2942,12.7611,16.0553,6781.3990,4063.3943,64.8590
262144,4,1.0405,0.2017,10.4294,4.2491,3.2948,15.9207,19.2155,6781.3990,4063.3943,64.8590
262144,8,1.0405,0.2883,13.1263,4.1235,3.1981,18.5786,21.7767,6781.3990,4063.3943,64.8590
262144,16,1.0405,0.3866,16.2571,4.1707,3.2125,21.8549,25.0674,6781.3990,4063.3943,64.8590
262144,32,1.0405,0.4661,18.4086,4.1432,3.2072,24.0584,27.2656,6781.3990,4063.3943,64.8590
262144,64,1.0405,0.5860,21.9912,4.2970,3.3538,27.9147,31.2685,6781.3990,4063.3943,64.8590
262144,128,1.0405,0.6631,24.4796,4.1465,3.2441,30.3297,33.5738,6781.3990,4063.3943,64.8590
