n,density,k_size,zk,round1_ms,matvec_ms,round2_ms,round2_t_ms,round3_ms,wd_ms,total_ms
4096,2,8192,0,35.6090,0.1372,138.9439,1.3852,136.7263,174.5529,311.2792
4096,2,8192,1,122.0605,0.3190,276.8402,2.7416,269.0952,398.9007,667.9959
4096,3,16384,0,69.8862,0.4102,238.2430,2.9232,332.9401,308.1292,641.0693
4096,3,16384,1,110.4478,0.4311,231.4185,3.1845,342.9935,341.8663,684.8598
4096,4,16384,0,57.8347,0.5431,234.8354,3.3474,331.0407,292.6701,623.7108
4096,4,16384,1,107.7077,0.6082,233.7634,3.2357,338.2604,341.4711,679.7315
4096,5,32768,0,58.5174,0.7521,239.5105,3.6465,505.2870,298.0279,803.3149
4096,5,32768,1,103.6196,0.7940,233.9660,3.6138,511.1356,337.5856,848.7212
4096,6,32768,0,59.2392,0.8844,234.4561,3.9839,515.3290,293.6953,809.0243
4096,6,32768,1,105.0007,0.8952,237.5524,3.9836,511.4708,342.5531,854.0239
4096,8,32768,0,58.5594,1.4410,234.1779,4.6104,508.6934,292.7373,801.4307
4096,8,32768,1,106.2460,1.3932,236.9037,4.6578,509.6722,343.1497,852.8219
16384,2,32768,0,194.9056,1.1464,862.0395,8.6711,845.2665,1056.9451,1902.2116
16384,2,32768,1,367.2666,1.1833,832.0769,8.5081,818.4785,1199.3435,2017.8220
16384,3,65536,0,195.0241,1.7196,811.1479,10.1317,1161.2890,1006.1720,2167.4610
16384,3,65536,1,372.2483,1.7257,818.5369,8.9133,1156.0807,1190.7852,2346.8659
16384,4,65536,0,196.1376,2.3705,784.8383,10.3050,1142.9507,980.9759,2123.9266
16384,4,65536,1,369.7488,2.3681,820.3125,10.0377,1161.2490,1190.0613,2351.3103
16384,5,131072,0,195.3207,3.0378,790.1560,12.2459,1797.3765,985.4767,2782.8532
16384,5,131072,1,373.9318,3.0093,817.9342,13.1523,1811.0291,1191.8660,3002.8951
16384,6,131072,0,198.9299,3.7109,793.3337,12.7383,1829.4823,992.2636,2821.7459
16384,6,131072,1,361.1548,3.6307,813.4333,12.9705,1818.1102,1174.5881,2992.6983
16384,8,131072,0,197.1207,4.9305,796.3332,15.5935,1807.6907,993.4539,2801.1446
16384,8,131072,1,386.6650,5.0047,810.9676,15.1217,1832.0180,1197.6326,3029.6506
65536,2,131072,0,666.3650,5.6718,3051.5272,31.1589,3126.6623,3717.8922,6844.5545
65536,2,131072,1,1279.0850,5.5504,3056.9739,29.9828,3104.7436,4336.0589,7440.8025
65536,3,262144,0,670.0330,8.1337,3075.7255,35.7846,4644.4297,3745.7585,8390.1882
65536,3,262144,1,699.9196,3.8405,1757.5507,18.6622,2476.5316,2457.4703,4934.0019
65536,4,262144,0,371.3047,5.0892,1666.0360,21.3274,2450.1210,2037.3407,4487.4617
65536,4,262144,1,705.3512,5.1121,1742.1238,20.6784,2449.0562,2447.4750,4896.5312
65536,5,524288,0,359.9393,6.3166,1642.7765,23.2694,3949.0832,2002.7158,5951.7990
65536,5,524288,1,691.5546,6.3302,1679.6854,23.3265,3938.3523,2371.2400,6309.5923
65536,6,524288,0,372.6249,7.9491,1663.2288,24.6795,3940.7764,2035.8537,5976.6301
65536,6,524288,1,716.2367,8.0332,1775.3052,26.2802,4245.2609,2491.5419,6736.8028
65536,8,524288,0,384.0474,10.4484,1784.7341,30.5590,4083.6271,2168.7815,6252.4086
65536,8,524288,1,712.7734,10.4209,1753.7835,30.6035,4008.0578,2466.5569,6474.6147
